"A","L","R","K","N","M","D","F","C","P","Q","S","E","T","G","W","H","Y","I","V","ACP"
"7667.990979","9.352712","0","56.117016","0","0","0","0","0","0","0","1399.283968","40.5948","0","1279.728","3.922436","0","0","4.802729","5279.0547","1"
"697.090089","4.676356","0","18.705672","0","0","1089.145444","4.744025","0","0","0","699.641984","13.5316","0","319.932","0","0","0","19.210916","0","1"
"697.090089","14.029068","0","18.705672","0","0","1089.145444","4.744025","0","0","0","699.641984","0","0","959.796","0","0","0","4.802729","5279.0547","1"
"697.090089","14.029068","0","18.705672","0","0","1089.145444","4.744025","0","0","0","699.641984","0","0","959.796","0","0","0","4.802729","5279.0547","1"
"697.090089","14.029068","0","18.705672","0","0","1089.145444","4.744025","0","0","0","0","0","1199.864736","959.796","0","0","0","4.802729","5279.0547","1"
"697.090089","9.352712","0","18.705672","0","0","1089.145444","4.744025","0","0","0","699.641984","0","0","959.796","0","0","0","14.408187","3519.3698","1"
"1394.180178","4.676356","0","18.705672","0","0","1089.145444","4.744025","0","0","0","699.641984","0","0","959.796","0","6.473001","0","19.210916","1759.6849","1"
"697.090089","4.676356","0","18.705672","0","0","1089.145444","4.744025","0","0","0","1399.283968","0","0","639.864","0","6.473001","0","19.210916","3519.3698","1"
"6273.810801","14.029068","64.630521","18.705672","15022.450612","0","8713.163552","33.208175","7456.927408","9024.8818","6.602896","1399.283968","0","10798.782624","2559.456","0","6.473001","6.254498","24.013645","5279.0547","1"
"0","0","0","0","0","0","0","0","0","0","6.602896","699.641984","0","0","1599.66","0","25.892004","0","0","3519.3698","1"
"1394.180178","4.676356","35.905845","28.058508","0","4.121664","0","9.48805","2130.550688","1128.110225","6.602896","699.641984","0","1199.864736","319.932","7.844872","0","0","4.802729","1759.6849","1"
"697.090089","9.352712","0","65.469852","0","0","0","14.232075","0","0","0","699.641984","0","0","0","3.922436","6.473001","0","4.802729","0","1"
"2091.270267","9.352712","0","56.117016","0","4.121664","0","4.744025","0","0","13.205792","2098.925952","0","1199.864736","639.864","7.844872","0","3.127249","4.802729","1759.6849","1"
"2788.360356","18.705424","0","37.411344","0","0","0","0","0","0","0","699.641984","13.5316","3599.594208","1599.66","0","0","3.127249","9.605458","1759.6849","1"
"2788.360356","23.38178","0","37.411344","0","0","0","0","0","0","0","1399.283968","13.5316","2399.729472","1599.66","0","0","3.127249","9.605458","0","1"
"4182.540534","23.38178","0","37.411344","0","0","0","0","0","0","0","699.641984","13.5316","0","1599.66","0","0","3.127249","4.802729","3519.3698","1"
"2091.270267","18.705424","0","37.411344","0","0","0","9.48805","0","0","0","1399.283968","13.5316","2399.729472","1279.728","0","0","3.127249","9.605458","1759.6849","1"
"2091.270267","23.38178","0","18.705672","1155.573124","0","0","9.48805","2130.550688","2256.22045","0","699.641984","0","1199.864736","319.932","0","0","3.127249","14.408187","0","1"
"0","9.352712","7.181169","9.352836","0","0","0","14.232075","0","0","6.602896","699.641984","0","0","319.932","3.922436","0","0","4.802729","1759.6849","1"
"3485.450445","9.352712","14.362338","65.469852","2311.146248","0","0","4.744025","0","1128.110225","0","0","27.0632","0","1279.728","3.922436","0","0","24.013645","5279.0547","1"
"4182.540534","9.352712","14.362338","46.76418","1155.573124","0","1089.145444","0","0","0","26.411584","0","13.5316","4799.458944","1279.728","3.922436","6.473001","0","19.210916","5279.0547","1"
"3485.450445","4.676356","7.181169","65.469852","1155.573124","0","1089.145444","4.744025","0","1128.110225","19.808688","0","13.5316","1199.864736","1279.728","3.922436","0","0","24.013645","7038.7396","1"
"5576.720712","32.734492","28.724676","74.822688","3466.719372","0","3267.436332","23.720125","0","0","59.426064","2098.925952","135.316","0","4159.116","0","38.838006","3.127249","19.210916","0","1"
"1394.180178","4.676356","0","37.411344","1155.573124","4.121664","0","14.232075","0","0","0","1399.283968","13.5316","0","1279.728","0","6.473001","0","9.605458","1759.6849","1"
"1394.180178","18.705424","14.362338","28.058508","0","0","0","0","0","1128.110225","13.205792","699.641984","0","2399.729472","959.796","3.922436","0","0","14.408187","3519.3698","1"
"4182.540534","23.38178","0","37.411344","1155.573124","4.121664","0","0","0","0","6.602896","0","0","1199.864736","1599.66","3.922436","0","0","4.802729","3519.3698","1"
"2788.360356","4.676356","28.724676","0","0","0","0","4.744025","6391.652064","1128.110225","6.602896","0","13.5316","1199.864736","959.796","3.922436","0","9.381747","14.408187","0","1"
"0","4.676356","35.905845","9.352836","0","0","0","0","4261.101376","0","6.602896","0","13.5316","1199.864736","319.932","0","0","6.254498","0","1759.6849","1"
"697.090089","14.029068","0","37.411344","0","0","0","0","0","0","0","1399.283968","0","0","0","3.922436","0","0","4.802729","3519.3698","1"
"0","0","35.905845","9.352836","0","0","0","4.744025","4261.101376","0","0","0","0","0","319.932","3.922436","0","6.254498","4.802729","1759.6849","1"
"1394.180178","4.676356","28.724676","46.76418","3466.719372","0","2178.290888","0","8522.202752","3384.330675","0","2798.567936","13.5316","4799.458944","639.864","3.922436","0","6.254498","19.210916","1759.6849","1"
"1394.180178","23.38178","0","9.352836","0","0","0","0","0","2256.22045","0","1399.283968","13.5316","0","639.864","0","19.419003","0","4.802729","10558.1094","1"
"697.090089","18.705424","0","9.352836","0","0","0","0","0","2256.22045","0","1399.283968","13.5316","0","639.864","0","19.419003","0","9.605458","12317.7943","1"
"2091.270267","18.705424","0","28.058508","0","0","0","4.744025","0","2256.22045","0","699.641984","13.5316","0","639.864","0","12.946002","0","4.802729","7038.7396","1"
"1394.180178","14.029068","0","18.705672","0","0","0","4.744025","0","2256.22045","0","699.641984","13.5316","0","959.796","0","12.946002","0","9.605458","8798.4245","1"
"3485.450445","9.352712","0","9.352836","0","0","0","9.48805","0","1128.110225","0","0","13.5316","0","639.864","0","12.946002","0","4.802729","8798.4245","1"
"4182.540534","9.352712","0","9.352836","2311.146248","0","0","9.48805","0","1128.110225","6.602896","0","13.5316","0","639.864","0","12.946002","0","4.802729","3519.3698","1"
"1394.180178","4.676356","0","18.705672","1155.573124","0","1089.145444","9.48805","0","0","0","0","0","2399.729472","639.864","0","0","0","4.802729","7038.7396","1"
"1394.180178","23.38178","0","28.058508","0","0","0","0","0","0","13.205792","2098.925952","40.5948","1199.864736","959.796","0","0","0","14.408187","1759.6849","1"
"697.090089","14.029068","35.905845","0","0","0","0","4.744025","0","1128.110225","6.602896","1399.283968","0","1199.864736","639.864","0","6.473001","0","0","3519.3698","1"
"2091.270267","9.352712","21.543507","18.705672","0","0","0","9.48805","0","0","0","0","0","0","1279.728","3.922436","25.892004","0","19.210916","0","1"
"697.090089","9.352712","0","18.705672","0","0","1089.145444","4.744025","0","0","0","699.641984","0","0","959.796","0","0","0","9.605458","5279.0547","1"
"697.090089","9.352712","0","18.705672","0","0","1089.145444","4.744025","0","0","0","699.641984","0","0","959.796","0","0","0","9.605458","5279.0547","1"
"0","23.38178","21.543507","65.469852","0","0","0","18.9761","0","2256.22045","0","699.641984","0","0","639.864","0","6.473001","0","4.802729","1759.6849","1"
"697.090089","14.029068","28.724676","28.058508","0","0","0","0","0","2256.22045","0","699.641984","0","0","1599.66","3.922436","0","3.127249","28.816374","1759.6849","1"
"0","9.352712","71.81169","0","0","0","0","23.720125","0","21434.094275","0","0","0","0","319.932","0","0","3.127249","4.802729","0","1"
"1394.180178","28.058136","0","18.705672","1155.573124","0","0","0","0","1128.110225","0","699.641984","0","0","959.796","0","0","0","4.802729","1759.6849","1"
"2091.270267","37.410848","35.905845","102.881196","1155.573124","8.243328","5445.72722","4.744025","6391.652064","3384.330675","33.01448","2798.567936","54.1264","4799.458944","1599.66","3.922436","0","0","52.830019","7038.7396","1"
"1394.180178","4.676356","7.181169","37.411344","1155.573124","0","1089.145444","4.744025","6391.652064","1128.110225","13.205792","2098.925952","0","2399.729472","1279.728","0","6.473001","9.381747","9.605458","1759.6849","1"
"0","4.676356","14.362338","9.352836","0","0","0","14.232075","0","0","0","0","0","2399.729472","959.796","0","25.892004","0","14.408187","5279.0547","1"
"2788.360356","18.705424","0","56.117016","0","0","0","0","0","0","0","0","0","0","0","0","0","0","0","0","1"
"1394.180178","4.676356","7.181169","9.352836","2311.146248","0","1089.145444","9.48805","3195.826032","1128.110225","0","699.641984","13.5316","3599.594208","319.932","0","0","0","0","0","1"
"1394.180178","14.029068","0","28.058508","0","0","2178.290888","0","0","0","6.602896","0","0","0","0","3.922436","0","0","9.605458","0","1"
"0","14.029068","7.181169","9.352836","0","4.121664","0","4.744025","2130.550688","0","6.602896","0","0","2399.729472","639.864","0","0","0","14.408187","0","1"
"0","23.38178","0","0","0","0","0","0","0","1128.110225","0","699.641984","0","0","959.796","0","0","0","14.408187","0","1"
"697.090089","18.705424","0","0","0","0","0","0","0","1128.110225","0","1399.283968","0","0","1279.728","0","12.946002","0","4.802729","8798.4245","1"
"697.090089","28.058136","0","0","0","0","0","0","0","1128.110225","6.602896","1399.283968","0","1199.864736","959.796","0","12.946002","0","4.802729","5279.0547","1"
"0","0","14.362338","9.352836","0","0","0","9.48805","8522.202752","1128.110225","0","0","0","1199.864736","1279.728","0","0","0","9.605458","1759.6849","1"
"0","9.352712","14.362338","9.352836","2311.146248","0","0","0","6391.652064","0","6.602896","2098.925952","0","0","319.932","3.922436","6.473001","0","0","0","1"
"0","23.38178","0","9.352836","1155.573124","0","0","0","0","1128.110225","0","699.641984","0","1199.864736","1599.66","0","0","0","14.408187","3519.3698","1"
"2091.270267","23.38178","0","37.411344","0","0","0","14.232075","2130.550688","2256.22045","0","699.641984","0","1199.864736","319.932","0","0","0","4.802729","1759.6849","1"
"4879.630623","14.029068","0","37.411344","2311.146248","0","1089.145444","0","0","1128.110225","13.205792","1399.283968","13.5316","1199.864736","1279.728","3.922436","0","0","4.802729","3519.3698","1"
"2091.270267","23.38178","0","9.352836","0","4.121664","0","0","0","1128.110225","0","2098.925952","0","0","319.932","0","0","0","14.408187","0","1"
"0","4.676356","7.181169","0","2311.146248","0","0","0","6391.652064","3384.330675","0","1399.283968","13.5316","4799.458944","1599.66","3.922436","0","0","0","5279.0547","1"
"697.090089","4.676356","7.181169","0","0","0","0","0","6391.652064","2256.22045","0","1399.283968","13.5316","5999.32368","1279.728","3.922436","0","3.127249","4.802729","3519.3698","1"
"697.090089","0","7.181169","18.705672","0","0","0","0","6391.652064","2256.22045","0","3498.20992","13.5316","0","959.796","3.922436","0","3.127249","19.210916","3519.3698","1"
"1394.180178","4.676356","0","9.352836","2311.146248","0","0","0","6391.652064","2256.22045","0","1399.283968","13.5316","2399.729472","959.796","3.922436","0","3.127249","14.408187","5279.0547","1"
"697.090089","4.676356","0","28.058508","0","0","0","9.48805","6391.652064","2256.22045","0","2798.567936","13.5316","2399.729472","959.796","0","0","3.127249","9.605458","3519.3698","1"
"697.090089","14.029068","0","28.058508","0","0","0","0","6391.652064","2256.22045","0","2098.925952","13.5316","2399.729472","639.864","0","0","6.254498","9.605458","5279.0547","1"
"2788.360356","28.058136","93.355197","37.411344","2311.146248","8.243328","4356.581776","4.744025","5326.37672","3384.330675","39.617376","3498.20992","27.0632","9598.917888","1599.66","3.922436","0","6.254498","14.408187","12317.7943","1"
"6970.90089","42.087204","0","0","8089.011868","4.121664","3267.436332","4.744025","0","5640.551125","19.808688","6996.41984","13.5316","4799.458944","6078.708","7.844872","6.473001","3.127249","14.408187","7038.7396","1"
"2091.270267","18.705424","0","37.411344","0","0","1089.145444","9.48805","0","0","0","0","0","1199.864736","639.864","0","0","0","0","3519.3698","1"
"2091.270267","9.352712","21.543507","37.411344","3466.719372","0","1089.145444","0","6391.652064","5640.551125","0","3498.20992","0","5999.32368","1279.728","0","0","6.254498","14.408187","0","1"
"1394.180178","0","28.724676","28.058508","3466.719372","0","1089.145444","4.744025","6391.652064","3384.330675","0","4197.851904","13.5316","4799.458944","1599.66","0","0","6.254498","19.210916","1759.6849","1"
"1394.180178","9.352712","21.543507","37.411344","4622.292496","0","0","0","6391.652064","3384.330675","0","4897.493888","13.5316","7199.188416","959.796","0","0","6.254498","14.408187","0","1"
"1394.180178","14.029068","28.724676","28.058508","2311.146248","4.121664","2178.290888","4.744025","0","1128.110225","6.602896","1399.283968","13.5316","0","319.932","0","6.473001","3.127249","0","1759.6849","1"
"2091.270267","4.676356","28.724676","46.76418","3466.719372","0","1089.145444","4.744025","6391.652064","2256.22045","0","4197.851904","13.5316","4799.458944","1279.728","0","0","6.254498","14.408187","0","1"
"697.090089","9.352712","21.543507","18.705672","0","4.121664","0","14.232075","0","0","0","0","0","1199.864736","959.796","0","25.892004","0","19.210916","1759.6849","1"
"3485.450445","9.352712","0","37.411344","0","0","0","14.232075","2130.550688","2256.22045","0","699.641984","0","0","319.932","0","0","0","14.408187","1759.6849","1"
"2788.360356","9.352712","0","37.411344","0","0","0","9.48805","2130.550688","2256.22045","0","699.641984","0","0","319.932","0","0","0","19.210916","3519.3698","1"
"2091.270267","9.352712","0","37.411344","0","0","0","14.232075","2130.550688","2256.22045","0","699.641984","0","1199.864736","319.932","0","0","0","24.013645","0","1"
"2788.360356","14.029068","0","28.058508","1155.573124","0","0","14.232075","2130.550688","2256.22045","0","699.641984","0","0","319.932","0","0","0","9.605458","3519.3698","1"
"3485.450445","4.676356","0","37.411344","0","0","0","9.48805","2130.550688","1128.110225","6.602896","699.641984","0","0","319.932","0","0","0","19.210916","3519.3698","1"
"2091.270267","14.029068","0","46.76418","0","4.121664","2178.290888","0","2130.550688","0","0","699.641984","0","3599.594208","959.796","3.922436","0","0","9.605458","3519.3698","1"
"697.090089","4.676356","0","46.76418","1155.573124","0","0","0","0","0","0","0","0","0","319.932","3.922436","0","0","9.605458","5279.0547","1"
"697.090089","4.676356","0","46.76418","1155.573124","0","0","0","0","0","0","0","0","0","319.932","3.922436","0","0","14.408187","3519.3698","1"
"697.090089","18.705424","0","0","0","0","0","9.48805","0","1128.110225","0","2098.925952","0","0","639.864","0","0","0","9.605458","1759.6849","1"
"0","9.352712","50.268183","0","0","0","0","23.720125","0","9024.8818","0","0","0","0","0","0","6.473001","3.127249","9.605458","0","1"
"697.090089","14.029068","0","65.469852","0","0","0","14.232075","0","1128.110225","0","0","0","0","0","3.922436","6.473001","0","4.802729","0","1"
"0","4.676356","14.362338","84.175524","0","4.121664","2178.290888","9.48805","6391.652064","3384.330675","6.602896","2098.925952","13.5316","0","1599.66","7.844872","12.946002","3.127249","4.802729","0","1"
"697.090089","0","7.181169","18.705672","0","0","0","4.744025","6391.652064","2256.22045","0","2098.925952","13.5316","1199.864736","1279.728","0","0","3.127249","19.210916","3519.3698","1"
"0","4.676356","0","28.058508","0","0","1089.145444","4.744025","6391.652064","2256.22045","6.602896","1399.283968","40.5948","1199.864736","1279.728","3.922436","0","3.127249","4.802729","1759.6849","1"
"0","9.352712","0","9.352836","0","4.121664","1089.145444","0","6391.652064","3384.330675","0","1399.283968","13.5316","4799.458944","959.796","3.922436","0","3.127249","4.802729","1759.6849","1"
"0","4.676356","7.181169","0","2311.146248","0","1089.145444","4.744025","6391.652064","4512.4409","0","0","13.5316","5999.32368","1599.66","3.922436","0","0","0","3519.3698","1"
"697.090089","4.676356","0","28.058508","2311.146248","0","1089.145444","9.48805","0","0","0","699.641984","0","0","319.932","0","0","0","19.210916","1759.6849","1"
"697.090089","0","0","28.058508","0","0","0","4.744025","6391.652064","2256.22045","0","3498.20992","13.5316","0","959.796","0","0","3.127249","19.210916","5279.0547","1"
"0","0","7.181169","9.352836","0","0","0","4.744025","6391.652064","2256.22045","0","4197.851904","13.5316","0","959.796","0","0","3.127249","19.210916","5279.0547","1"
"697.090089","0","0","18.705672","2311.146248","0","0","4.744025","6391.652064","2256.22045","0","3498.20992","13.5316","0","959.796","0","0","3.127249","19.210916","5279.0547","1"
"697.090089","0","0","18.705672","2311.146248","0","0","4.744025","6391.652064","2256.22045","0","3498.20992","13.5316","0","959.796","0","0","3.127249","24.013645","3519.3698","1"
"697.090089","4.676356","7.181169","18.705672","0","0","1089.145444","4.744025","6391.652064","2256.22045","0","2798.567936","13.5316","1199.864736","639.864","0","0","3.127249","14.408187","3519.3698","1"
"0","9.352712","0","9.352836","0","4.121664","0","0","0","0","0","699.641984","0","0","639.864","3.922436","6.473001","0","9.605458","0","1"
"0","14.029068","0","28.058508","0","4.121664","0","0","0","0","0","699.641984","0","0","319.932","3.922436","6.473001","0","4.802729","0","1"
"697.090089","18.705424","0","28.058508","0","4.121664","0","4.744025","0","0","0","0","0","0","639.864","0","0","0","0","1759.6849","1"
"0","9.352712","21.543507","9.352836","0","16.486656","0","0","0","1128.110225","0","699.641984","13.5316","1199.864736","639.864","0","0","0","4.802729","0","1"
"697.090089","4.676356","0","18.705672","0","0","0","14.232075","6391.652064","1128.110225","0","2098.925952","13.5316","0","1279.728","0","0","3.127249","9.605458","3519.3698","1"
"0","4.676356","7.181169","18.705672","1155.573124","0","0","4.744025","6391.652064","2256.22045","0","2798.567936","13.5316","0","959.796","0","0","3.127249","14.408187","7038.7396","1"
"0","4.676356","0","37.411344","0","0","0","14.232075","6391.652064","2256.22045","0","1399.283968","13.5316","2399.729472","639.864","0","0","6.254498","0","0","1"
"1394.180178","0","7.181169","0","2311.146248","0","1089.145444","9.48805","6391.652064","2256.22045","0","699.641984","13.5316","5999.32368","1279.728","3.922436","0","0","4.802729","0","1"
"1394.180178","4.676356","0","9.352836","4622.292496","4.121664","0","0","6391.652064","3384.330675","0","1399.283968","13.5316","2399.729472","639.864","3.922436","0","3.127249","14.408187","3519.3698","1"
"1394.180178","0","0","18.705672","1155.573124","0","0","0","6391.652064","2256.22045","0","1399.283968","13.5316","2399.729472","639.864","3.922436","0","3.127249","19.210916","3519.3698","1"
"697.090089","0","0","9.352836","1155.573124","0","0","0","6391.652064","2256.22045","0","2798.567936","13.5316","1199.864736","639.864","3.922436","0","3.127249","19.210916","5279.0547","1"
"0","4.676356","7.181169","9.352836","2311.146248","0","0","4.744025","6391.652064","2256.22045","6.602896","1399.283968","27.0632","1199.864736","959.796","0","0","9.381747","4.802729","3519.3698","1"
"0","0","0","18.705672","0","4.121664","1089.145444","4.744025","6391.652064","2256.22045","0","2798.567936","13.5316","0","959.796","3.922436","0","3.127249","14.408187","3519.3698","1"
"697.090089","9.352712","0","18.705672","0","0","0","9.48805","0","0","0","699.641984","0","0","319.932","7.844872","0","0","0","0","1"
"697.090089","9.352712","0","37.411344","0","0","0","9.48805","0","0","0","0","0","0","0","7.844872","0","0","0","0","1"
"2091.270267","14.029068","0","65.469852","0","0","0","9.48805","0","0","0","2798.567936","0","3599.594208","0","3.922436","6.473001","0","4.802729","1759.6849","1"
"697.090089","23.38178","0","65.469852","0","0","0","9.48805","0","0","0","2798.567936","0","3599.594208","0","3.922436","6.473001","0","4.802729","1759.6849","1"
"1394.180178","14.029068","14.362338","0","8089.011868","4.121664","2178.290888","18.9761","3195.826032","2256.22045","0","4197.851904","13.5316","0","0","3.922436","0","12.508996","0","3519.3698","1"
"697.090089","14.029068","0","46.76418","0","0","0","4.744025","0","0","0","0","0","0","319.932","3.922436","0","0","4.802729","3519.3698","1"
"2091.270267","0","0","0","0","0","0","4.744025","2130.550688","0","0","699.641984","13.5316","0","639.864","0","6.473001","0","4.802729","0","1"
"2091.270267","0","0","0","0","0","0","0","6391.652064","0","0","0","0","8399.053152","1279.728","0","0","0","0","0","1"
"2091.270267","0","7.181169","18.705672","0","0","1089.145444","4.744025","0","1128.110225","6.602896","2798.567936","0","0","639.864","0","6.473001","0","0","0","1"
"2091.270267","0","7.181169","18.705672","0","0","0","0","0","1128.110225","0","2798.567936","0","0","639.864","11.767308","6.473001","0","0","0","1"
"0","18.705424","35.905845","56.117016","1155.573124","0","2178.290888","18.9761","0","1128.110225","6.602896","1399.283968","40.5948","1199.864736","639.864","0","0","0","14.408187","3519.3698","1"
"2091.270267","14.029068","0","46.76418","0","0","0","9.48805","2130.550688","1128.110225","0","1399.283968","0","1199.864736","319.932","0","0","0","4.802729","5279.0547","1"
"1394.180178","9.352712","0","84.175524","0","0","0","14.232075","0","0","0","0","0","0","959.796","0","0","0","9.605458","1759.6849","1"
"1394.180178","18.705424","0","56.117016","0","0","0","4.744025","0","0","0","0","0","2399.729472","1599.66","0","0","0","9.605458","3519.3698","1"
"0","0","7.181169","0","1155.573124","0","0","0","1065.275344","2256.22045","6.602896","0","13.5316","0","319.932","0","0","3.127249","0","1759.6849","1"
"0","0","7.181169","18.705672","0","0","1089.145444","4.744025","0","1128.110225","6.602896","2798.567936","0","0","639.864","11.767308","6.473001","0","0","0","1"
"1394.180178","0","7.181169","9.352836","0","0","0","4.744025","0","0","13.205792","0","0","0","0","0","0","3.127249","14.408187","3519.3698","1"
"697.090089","4.676356","7.181169","18.705672","0","0","1089.145444","9.48805","0","0","0","0","0","1199.864736","0","0","0","3.127249","4.802729","1759.6849","1"
"697.090089","4.676356","0","18.705672","0","0","1089.145444","9.48805","0","0","0","0","0","1199.864736","0","0","0","3.127249","4.802729","1759.6849","1"
"697.090089","4.676356","0","18.705672","0","0","1089.145444","9.48805","0","0","0","0","0","0","0","0","0","6.254498","4.802729","1759.6849","1"
"0","9.352712","0","0","0","4.121664","1089.145444","0","0","0","0","699.641984","13.5316","0","0","11.767308","6.473001","3.127249","0","0","1"
"0","0","0","0","0","4.121664","0","0","0","0","6.602896","0","0","1199.864736","0","0","32.365005","9.381747","0","0","1"
"0","9.352712","7.181169","0","1155.573124","0","0","9.48805","0","0","0","699.641984","0","0","319.932","0","0","3.127249","9.605458","1759.6849","1"
"0","4.676356","7.181169","0","1155.573124","0","0","4.744025","2130.550688","0","0","0","13.5316","3599.594208","959.796","3.922436","12.946002","3.127249","0","0","1"
"1394.180178","4.676356","14.362338","0","0","0","0","0","0","2256.22045","0","2098.925952","0","0","0","7.844872","6.473001","3.127249","4.802729","0","1"
"1394.180178","9.352712","28.724676","9.352836","0","8.243328","1089.145444","4.744025","3195.826032","2256.22045","0","699.641984","13.5316","1199.864736","639.864","7.844872","0","0","24.013645","5279.0547","0"
"2788.360356","4.676356","14.362338","0","1155.573124","8.243328","2178.290888","9.48805","0","4512.4409","19.808688","1399.283968","27.0632","4799.458944","639.864","0","0","3.127249","4.802729","1759.6849","0"
"2091.270267","9.352712","7.181169","9.352836","0","0","0","0","0","3384.330675","0","0","0","1199.864736","959.796","3.922436","0","0","0","5279.0547","0"
"2788.360356","14.029068","0","18.705672","3466.719372","8.243328","2178.290888","0","0","2256.22045","6.602896","2798.567936","0","0","319.932","0","6.473001","6.254498","4.802729","0","0"
"1394.180178","0","0","0","2311.146248","0","1089.145444","0","1065.275344","1128.110225","19.808688","1399.283968","13.5316","1199.864736","319.932","0","0","0","14.408187","3519.3698","0"
"697.090089","28.058136","14.362338","46.76418","1155.573124","0","1089.145444","0","2130.550688","1128.110225","0","0","40.5948","3599.594208","1599.66","0","0","3.127249","0","5279.0547","0"
"697.090089","14.029068","7.181169","0","0","0","0","0","1065.275344","1128.110225","6.602896","1399.283968","27.0632","0","0","0","0","0","0","0","0"
"4182.540534","9.352712","0","28.058508","1155.573124","0","4356.581776","4.744025","0","0","6.602896","1399.283968","27.0632","0","0","7.844872","0","0","4.802729","0","0"
"2091.270267","9.352712","21.543507","9.352836","0","0","3267.436332","0","0","0","19.808688","0","40.5948","0","0","0","0","3.127249","0","3519.3698","0"
"697.090089","18.705424","21.543507","9.352836","1155.573124","4.121664","0","9.48805","1065.275344","1128.110225","19.808688","2098.925952","0","0","639.864","7.844872","6.473001","6.254498","0","3519.3698","0"
"2091.270267","28.058136","7.181169","9.352836","0","0","0","0","1065.275344","0","0","699.641984","13.5316","0","959.796","0","0","0","4.802729","0","0"
"2091.270267","42.087204","14.362338","18.705672","0","8.243328","0","4.744025","2130.550688","1128.110225","0","699.641984","0","2399.729472","319.932","15.689744","6.473001","3.127249","14.408187","1759.6849","0"
"3485.450445","9.352712","7.181169","0","0","4.121664","1089.145444","0","1065.275344","4512.4409","13.205792","2098.925952","0","0","959.796","3.922436","6.473001","0","0","0","0"
"1394.180178","18.705424","21.543507","0","0","0","0","0","1065.275344","0","0","1399.283968","0","2399.729472","639.864","0","6.473001","0","0","1759.6849","0"
"697.090089","4.676356","21.543507","0","8089.011868","0","3267.436332","0","0","2256.22045","0","2798.567936","0","0","0","0","12.946002","3.127249","0","0","0"
"697.090089","28.058136","14.362338","9.352836","1155.573124","4.121664","0","9.48805","0","5640.551125","13.205792","2098.925952","13.5316","1199.864736","639.864","3.922436","0","0","14.408187","7038.7396","0"
"697.090089","18.705424","7.181169","18.705672","2311.146248","0","0","9.48805","2130.550688","2256.22045","6.602896","1399.283968","0","0","639.864","3.922436","0","0","9.605458","0","0"
"697.090089","9.352712","7.181169","0","1155.573124","4.121664","0","0","0","0","6.602896","1399.283968","0","0","0","0","0","0","4.802729","5279.0547","0"
"697.090089","14.029068","28.724676","9.352836","0","0","1089.145444","9.48805","0","1128.110225","19.808688","0","0","0","0","0","0","0","4.802729","5279.0547","0"
"2788.360356","28.058136","7.181169","18.705672","1155.573124","4.121664","0","4.744025","1065.275344","2256.22045","13.205792","4197.851904","0","2399.729472","1599.66","3.922436","0","0","4.802729","3519.3698","0"
"6273.810801","23.38178","28.724676","9.352836","0","0","0","0","0","7896.771575","0","699.641984","13.5316","0","1279.728","0","0","0","0","3519.3698","0"
"697.090089","0","0","0","0","4.121664","0","0","0","9024.8818","0","699.641984","0","0","0","0","6.473001","0","0","1759.6849","0"
"697.090089","14.029068","35.905845","9.352836","0","0","2178.290888","4.744025","1065.275344","2256.22045","0","699.641984","0","0","0","0","0","0","9.605458","0","0"
"2091.270267","56.116272","43.087014","9.352836","0","4.121664","0","4.744025","0","0","6.602896","699.641984","0","0","959.796","3.922436","0","0","9.605458","0","0"
"697.090089","0","14.362338","0","0","0","1089.145444","9.48805","0","1128.110225","13.205792","1399.283968","13.5316","0","319.932","0","0","0","0","0","0"
"2091.270267","28.058136","14.362338","0","2311.146248","4.121664","1089.145444","4.744025","0","2256.22045","0","1399.283968","0","3599.594208","1599.66","3.922436","0","0","4.802729","7038.7396","0"
"0","14.029068","21.543507","9.352836","1155.573124","4.121664","0","0","0","1128.110225","6.602896","1399.283968","0","2399.729472","319.932","3.922436","0","0","0","1759.6849","0"
"2091.270267","18.705424","21.543507","0","0","4.121664","0","0","3195.826032","0","6.602896","699.641984","0","3599.594208","639.864","7.844872","0","0","24.013645","0","0"
"1394.180178","14.029068","0","0","1155.573124","4.121664","0","0","0","2256.22045","6.602896","1399.283968","27.0632","1199.864736","319.932","0","0","0","0","1759.6849","0"
"1394.180178","9.352712","0","0","3466.719372","0","0","0","0","1128.110225","0","699.641984","0","2399.729472","319.932","0","0","0","0","1759.6849","0"
"1394.180178","18.705424","28.724676","9.352836","0","0","1089.145444","4.744025","3195.826032","1128.110225","6.602896","699.641984","27.0632","1199.864736","1279.728","0","6.473001","0","0","5279.0547","0"
"697.090089","32.734492","0","0","0","0","0","0","0","0","0","0","13.5316","2399.729472","959.796","0","0","0","4.802729","0","0"
"697.090089","46.76356","7.181169","0","0","4.121664","0","4.744025","0","1128.110225","0","699.641984","13.5316","0","639.864","0","0","0","4.802729","3519.3698","0"
"1394.180178","14.029068","0","37.411344","3466.719372","4.121664","0","9.48805","2130.550688","1128.110225","6.602896","0","0","1199.864736","319.932","0","0","0","0","3519.3698","0"
"3485.450445","9.352712","0","28.058508","0","0","0","0","0","4512.4409","33.01448","2798.567936","0","1199.864736","1919.592","0","12.946002","0","4.802729","7038.7396","0"
"1394.180178","18.705424","7.181169","37.411344","0","4.121664","1089.145444","4.744025","0","2256.22045","6.602896","2098.925952","0","0","639.864","0","6.473001","0","0","1759.6849","0"
"697.090089","14.029068","7.181169","28.058508","2311.146248","0","0","9.48805","0","1128.110225","0","2098.925952","0","2399.729472","319.932","0","0","0","0","0","0"
"2091.270267","51.439916","0","0","0","0","0","4.744025","0","6768.66135","0","3498.20992","27.0632","1199.864736","1279.728","3.922436","0","0","9.605458","1759.6849","0"
"2788.360356","14.029068","21.543507","0","0","0","0","0","1065.275344","3384.330675","0","699.641984","0","0","1279.728","3.922436","0","3.127249","4.802729","3519.3698","0"
"1394.180178","14.029068","7.181169","9.352836","0","0","0","0","0","0","0","1399.283968","0","1199.864736","1279.728","0","0","0","4.802729","3519.3698","0"
"3485.450445","9.352712","14.362338","9.352836","0","0","0","0","0","0","6.602896","1399.283968","0","0","0","0","0","0","4.802729","3519.3698","0"
"2091.270267","18.705424","7.181169","0","2311.146248","0","2178.290888","0","2130.550688","0","6.602896","0","0","2399.729472","639.864","0","0","0","4.802729","1759.6849","0"
"697.090089","37.410848","0","0","0","0","0","4.744025","0","0","6.602896","699.641984","0","2399.729472","639.864","0","0","0","9.605458","3519.3698","0"
"1394.180178","9.352712","21.543507","0","0","4.121664","1089.145444","0","2130.550688","0","6.602896","1399.283968","0","3599.594208","319.932","0","0","0","4.802729","0","0"
"2091.270267","0","50.268183","0","1155.573124","0","1089.145444","4.744025","2130.550688","1128.110225","6.602896","2098.925952","0","2399.729472","1919.592","7.844872","6.473001","0","4.802729","1759.6849","0"
"2788.360356","9.352712","7.181169","18.705672","1155.573124","0","0","0","0","4512.4409","19.808688","1399.283968","0","1199.864736","319.932","3.922436","0","3.127249","4.802729","5279.0547","0"
"4182.540534","18.705424","21.543507","9.352836","0","4.121664","0","0","0","2256.22045","0","699.641984","13.5316","1199.864736","959.796","3.922436","6.473001","0","0","0","0"
"2788.360356","0","14.362338","0","1155.573124","0","1089.145444","0","0","2256.22045","0","1399.283968","27.0632","0","319.932","0","6.473001","0","4.802729","3519.3698","0"
"0","14.029068","0","0","1155.573124","4.121664","0","4.744025","0","1128.110225","0","699.641984","13.5316","1199.864736","0","3.922436","0","0","0","0","0"
"697.090089","0","14.362338","9.352836","0","0","0","4.744025","0","3384.330675","6.602896","699.641984","0","1199.864736","319.932","0","0","3.127249","0","0","0"
"697.090089","9.352712","14.362338","9.352836","0","0","0","4.744025","2130.550688","4512.4409","6.602896","1399.283968","13.5316","0","959.796","0","6.473001","0","0","5279.0547","0"
"697.090089","18.705424","0","18.705672","1155.573124","0","0","0","0","4512.4409","0","699.641984","0","1199.864736","0","0","0","0","4.802729","1759.6849","0"
"0","0","14.362338","9.352836","0","8.243328","1089.145444","0","1065.275344","0","13.205792","1399.283968","13.5316","0","319.932","0","0","0","0","0","0"
"697.090089","4.676356","7.181169","0","0","0","2178.290888","0","1065.275344","3384.330675","0","0","0","1199.864736","0","0","0","0","9.605458","1759.6849","0"
"0","14.029068","7.181169","0","0","0","0","0","0","1128.110225","6.602896","0","0","1199.864736","959.796","0","0","0","0","3519.3698","0"
"697.090089","32.734492","28.724676","0","0","0","0","4.744025","1065.275344","6768.66135","0","0","0","1199.864736","2559.456","15.689744","0","0","4.802729","0","0"
"2091.270267","0","50.268183","0","1155.573124","0","2178.290888","9.48805","0","2256.22045","6.602896","2098.925952","13.5316","4799.458944","1599.66","0","6.473001","0","9.605458","0","0"
"697.090089","14.029068","0","9.352836","2311.146248","0","2178.290888","4.744025","1065.275344","5640.551125","19.808688","699.641984","40.5948","1199.864736","639.864","0","0","3.127249","0","0","0"
"2091.270267","14.029068","21.543507","9.352836","0","4.121664","0","0","0","2256.22045","13.205792","2098.925952","13.5316","0","0","0","6.473001","0","0","5279.0547","0"
"1394.180178","23.38178","0","28.058508","1155.573124","4.121664","0","0","0","3384.330675","13.205792","0","40.5948","2399.729472","1599.66","0","0","3.127249","4.802729","1759.6849","0"
"1394.180178","9.352712","0","9.352836","1155.573124","0","1089.145444","4.744025","1065.275344","4512.4409","6.602896","1399.283968","0","2399.729472","959.796","0","0","3.127249","0","0","0"
"2091.270267","14.029068","14.362338","28.058508","1155.573124","4.121664","2178.290888","0","1065.275344","0","6.602896","699.641984","27.0632","1199.864736","0","0","6.473001","0","4.802729","0","0"
"2091.270267","14.029068","7.181169","0","0","0","0","0","0","2256.22045","6.602896","699.641984","13.5316","0","0","0","0","0","0","1759.6849","0"
"0","23.38178","7.181169","9.352836","1155.573124","8.243328","0","4.744025","2130.550688","1128.110225","0","1399.283968","0","3599.594208","1599.66","3.922436","0","0","14.408187","1759.6849","0"
"1394.180178","14.029068","35.905845","18.705672","2311.146248","8.243328","1089.145444","4.744025","2130.550688","1128.110225","6.602896","1399.283968","67.658","2399.729472","639.864","0","0","0","4.802729","3519.3698","0"
"3485.450445","9.352712","7.181169","9.352836","0","4.121664","1089.145444","4.744025","1065.275344","0","0","1399.283968","0","0","1919.592","0","0","0","19.210916","7038.7396","0"
"2788.360356","4.676356","7.181169","18.705672","2311.146248","0","2178.290888","0","0","2256.22045","13.205792","699.641984","0","1199.864736","0","0","0","3.127249","9.605458","5279.0547","0"
"2091.270267","32.734492","7.181169","28.058508","0","4.121664","0","9.48805","0","4512.4409","6.602896","699.641984","13.5316","2399.729472","639.864","3.922436","0","3.127249","4.802729","7038.7396","0"
"2091.270267","14.029068","0","0","0","0","0","4.744025","2130.550688","1128.110225","0","0","0","0","319.932","0","0","0","0","1759.6849","0"
"2091.270267","9.352712","14.362338","9.352836","1155.573124","0","2178.290888","0","0","0","19.808688","699.641984","27.0632","0","319.932","0","6.473001","3.127249","14.408187","5279.0547","0"
"697.090089","9.352712","28.724676","9.352836","0","0","3267.436332","4.744025","0","1128.110225","19.808688","0","40.5948","0","1279.728","0","0","0","14.408187","1759.6849","0"
"2091.270267","18.705424","0","0","2311.146248","4.121664","0","9.48805","0","1128.110225","6.602896","0","13.5316","1199.864736","0","0","0","0","9.605458","5279.0547","0"
"2091.270267","0","35.905845","0","2311.146248","0","0","4.744025","1065.275344","0","6.602896","0","0","2399.729472","319.932","0","0","0","0","1759.6849","0"
"697.090089","4.676356","14.362338","0","0","0","0","4.744025","0","1128.110225","13.205792","699.641984","0","1199.864736","319.932","3.922436","0","0","0","3519.3698","0"
"0","14.029068","21.543507","0","0","0","0","0","1065.275344","3384.330675","6.602896","2098.925952","0","0","639.864","0","0","0","0","0","0"
"1394.180178","9.352712","14.362338","0","2311.146248","4.121664","1089.145444","9.48805","0","4512.4409","0","0","27.0632","1199.864736","959.796","0","6.473001","3.127249","0","7038.7396","0"
"2788.360356","18.705424","7.181169","0","2311.146248","0","1089.145444","9.48805","0","5640.551125","26.411584","2798.567936","13.5316","3599.594208","639.864","0","6.473001","3.127249","4.802729","5279.0547","0"
"697.090089","0","28.724676","0","1155.573124","0","0","0","4261.101376","2256.22045","0","0","13.5316","1199.864736","959.796","0","0","0","0","1759.6849","0"
"697.090089","4.676356","14.362338","9.352836","2311.146248","4.121664","0","4.744025","1065.275344","2256.22045","6.602896","1399.283968","27.0632","0","0","3.922436","6.473001","0","0","3519.3698","0"
"1394.180178","9.352712","14.362338","0","0","0","0","4.744025","0","1128.110225","0","699.641984","13.5316","0","639.864","3.922436","6.473001","0","0","3519.3698","0"
"2091.270267","23.38178","50.268183","9.352836","1155.573124","4.121664","1089.145444","0","0","2256.22045","19.808688","0","54.1264","1199.864736","639.864","0","0","3.127249","4.802729","8798.4245","0"
"4182.540534","23.38178","21.543507","9.352836","1155.573124","8.243328","2178.290888","0","0","1128.110225","13.205792","1399.283968","54.1264","1199.864736","0","0","0","3.127249","0","1759.6849","0"
"2788.360356","28.058136","14.362338","18.705672","2311.146248","0","3267.436332","4.744025","1065.275344","1128.110225","26.411584","699.641984","0","3599.594208","319.932","0","6.473001","0","9.605458","5279.0547","0"
"2091.270267","32.734492","0","0","1155.573124","4.121664","1089.145444","9.48805","0","4512.4409","33.01448","0","0","3599.594208","1279.728","3.922436","6.473001","0","0","3519.3698","0"
"2788.360356","4.676356","14.362338","0","1155.573124","4.121664","1089.145444","4.744025","0","0","13.205792","2098.925952","13.5316","0","0","0","0","0","4.802729","5279.0547","0"
"2091.270267","9.352712","14.362338","28.058508","2311.146248","4.121664","2178.290888","9.48805","2130.550688","2256.22045","6.602896","0","27.0632","3599.594208","959.796","0","25.892004","0","0","1759.6849","0"
"697.090089","28.058136","7.181169","0","2311.146248","4.121664","0","0","0","1128.110225","6.602896","1399.283968","0","2399.729472","319.932","0","0","6.254498","9.605458","3519.3698","0"
"2091.270267","14.029068","14.362338","9.352836","0","8.243328","0","4.744025","0","2256.22045","13.205792","699.641984","0","1199.864736","0","0","0","0","4.802729","7038.7396","0"
"2091.270267","32.734492","7.181169","0","0","0","0","4.744025","2130.550688","1128.110225","0","1399.283968","0","0","319.932","0","0","0","4.802729","0","0"
"3485.450445","14.029068","0","9.352836","1155.573124","0","1089.145444","0","0","4512.4409","6.602896","2098.925952","27.0632","2399.729472","959.796","3.922436","0","0","0","1759.6849","0"
"1394.180178","4.676356","14.362338","0","0","0","1089.145444","0","0","2256.22045","13.205792","0","13.5316","1199.864736","319.932","0","0","6.254498","4.802729","3519.3698","0"
"2788.360356","4.676356","28.724676","0","0","0","0","0","0","3384.330675","6.602896","2098.925952","0","5999.32368","0","0","0","0","4.802729","5279.0547","0"
"2091.270267","9.352712","7.181169","46.76418","3466.719372","8.243328","1089.145444","0","0","1128.110225","19.808688","2098.925952","13.5316","3599.594208","319.932","3.922436","6.473001","6.254498","9.605458","3519.3698","0"
"2091.270267","32.734492","7.181169","0","0","0","0","0","2130.550688","1128.110225","0","1399.283968","0","1199.864736","319.932","0","0","0","9.605458","0","0"
"0","18.705424","14.362338","9.352836","1155.573124","0","0","4.744025","0","5640.551125","13.205792","2098.925952","0","0","1279.728","3.922436","0","0","28.816374","0","0"
"2788.360356","28.058136","7.181169","0","0","0","1089.145444","0","1065.275344","5640.551125","0","1399.283968","40.5948","1199.864736","1599.66","3.922436","0","0","0","1759.6849","0"
"3485.450445","14.029068","21.543507","9.352836","0","8.243328","0","9.48805","0","6768.66135","13.205792","1399.283968","13.5316","1199.864736","0","0","6.473001","0","0","5279.0547","0"
"2788.360356","28.058136","0","0","0","4.121664","1089.145444","4.744025","2130.550688","1128.110225","26.411584","699.641984","13.5316","0","1279.728","0","0","0","9.605458","3519.3698","0"
"697.090089","9.352712","21.543507","0","0","0","0","0","1065.275344","1128.110225","6.602896","0","0","1199.864736","639.864","3.922436","6.473001","0","0","1759.6849","0"
"2788.360356","14.029068","14.362338","9.352836","1155.573124","0","1089.145444","0","0","4512.4409","13.205792","0","27.0632","0","0","0","12.946002","0","0","1759.6849","0"
"697.090089","14.029068","14.362338","18.705672","3466.719372","4.121664","2178.290888","0","1065.275344","1128.110225","13.205792","2098.925952","0","2399.729472","639.864","0","0","0","0","5279.0547","0"
"4182.540534","23.38178","14.362338","0","0","0","0","4.744025","0","6768.66135","13.205792","0","13.5316","2399.729472","1599.66","0","6.473001","3.127249","0","1759.6849","0"
"2091.270267","14.029068","7.181169","0","3466.719372","0","0","0","1065.275344","1128.110225","6.602896","3498.20992","13.5316","4799.458944","639.864","3.922436","6.473001","0","0","0","0"
"1394.180178","9.352712","7.181169","0","1155.573124","0","0","0","0","2256.22045","6.602896","1399.283968","27.0632","0","639.864","0","0","0","9.605458","3519.3698","0"
"1394.180178","9.352712","21.543507","0","0","0","0","0","1065.275344","2256.22045","13.205792","1399.283968","27.0632","2399.729472","1279.728","0","6.473001","0","0","3519.3698","0"
"1394.180178","18.705424","14.362338","9.352836","1155.573124","0","0","4.744025","1065.275344","0","0","1399.283968","0","1199.864736","639.864","3.922436","0","0","4.802729","7038.7396","0"
"6273.810801","37.410848","28.724676","0","0","0","0","0","1065.275344","5640.551125","0","699.641984","0","0","959.796","0","0","0","0","1759.6849","0"
"1394.180178","14.029068","7.181169","18.705672","1155.573124","0","0","0","1065.275344","1128.110225","13.205792","0","13.5316","3599.594208","0","0","0","0","4.802729","5279.0547","0"
"1394.180178","9.352712","0","9.352836","0","4.121664","0","0","1065.275344","1128.110225","0","699.641984","13.5316","0","0","3.922436","0","0","0","3519.3698","0"
"0","18.705424","0","9.352836","2311.146248","4.121664","0","0","0","1128.110225","0","699.641984","13.5316","3599.594208","959.796","0","6.473001","0","0","0","0"
"4182.540534","28.058136","28.724676","9.352836","0","0","3267.436332","0","0","3384.330675","0","0","40.5948","2399.729472","0","3.922436","0","0","0","0","0"
"1394.180178","46.76356","7.181169","28.058508","1155.573124","0","0","14.232075","0","4512.4409","0","2098.925952","0","1199.864736","1279.728","0","6.473001","9.381747","4.802729","3519.3698","0"
"0","28.058136","14.362338","18.705672","1155.573124","0","0","0","0","5640.551125","13.205792","2098.925952","0","1199.864736","1599.66","3.922436","0","0","19.210916","1759.6849","0"
"7667.990979","4.676356","14.362338","18.705672","1155.573124","4.121664","2178.290888","9.48805","1065.275344","5640.551125","0","699.641984","27.0632","0","959.796","0","0","9.381747","0","1759.6849","0"
"2788.360356","14.029068","28.724676","0","0","4.121664","0","4.744025","1065.275344","1128.110225","19.808688","699.641984","0","0","319.932","3.922436","0","0","4.802729","1759.6849","0"
"2788.360356","9.352712","14.362338","0","1155.573124","20.60832","4356.581776","0","0","3384.330675","6.602896","2798.567936","27.0632","5999.32368","319.932","0","0","0","4.802729","3519.3698","0"
"697.090089","14.029068","0","0","0","0","1089.145444","4.744025","1065.275344","0","6.602896","699.641984","0","0","319.932","3.922436","0","3.127249","4.802729","0","0"
"697.090089","14.029068","14.362338","9.352836","1155.573124","0","1089.145444","4.744025","1065.275344","2256.22045","6.602896","1399.283968","0","0","639.864","7.844872","0","0","4.802729","0","0"
"2788.360356","9.352712","7.181169","37.411344","2311.146248","4.121664","3267.436332","4.744025","1065.275344","1128.110225","6.602896","699.641984","27.0632","1199.864736","1279.728","0","0","0","14.408187","1759.6849","0"
"697.090089","28.058136","7.181169","28.058508","0","0","0","4.744025","1065.275344","6768.66135","6.602896","699.641984","0","0","1279.728","15.689744","0","0","9.605458","3519.3698","0"
"4182.540534","56.116272","0","0","0","0","1089.145444","9.48805","0","2256.22045","0","1399.283968","0","1199.864736","639.864","0","0","0","0","0","0"
"0","18.705424","0","9.352836","0","0","0","4.744025","1065.275344","0","0","0","0","1199.864736","0","0","0","3.127249","0","1759.6849","0"
"6970.90089","4.676356","28.724676","0","0","0","0","0","0","1128.110225","0","699.641984","0","3599.594208","319.932","0","0","0","0","1759.6849","0"
"0","18.705424","14.362338","9.352836","1155.573124","0","2178.290888","0","0","0","6.602896","0","27.0632","2399.729472","0","0","6.473001","0","9.605458","0","0"
"6273.810801","9.352712","21.543507","0","0","4.121664","0","18.9761","0","4512.4409","26.411584","2098.925952","0","3599.594208","639.864","0","0","3.127249","0","3519.3698","0"
"2788.360356","0","14.362338","0","2311.146248","0","2178.290888","0","0","3384.330675","0","1399.283968","0","0","319.932","0","0","0","4.802729","0","0"
"1394.180178","46.76356","7.181169","0","0","0","0","0","0","0","0","699.641984","13.5316","2399.729472","0","3.922436","0","3.127249","4.802729","5279.0547","0"
"4182.540534","9.352712","14.362338","9.352836","0","4.121664","1089.145444","0","1065.275344","2256.22045","6.602896","699.641984","13.5316","0","959.796","0","12.946002","0","4.802729","1759.6849","0"
"3485.450445","32.734492","7.181169","0","0","0","1089.145444","4.744025","2130.550688","3384.330675","13.205792","699.641984","0","0","639.864","0","0","3.127249","4.802729","3519.3698","0"
"4182.540534","14.029068","35.905845","0","0","0","0","0","1065.275344","4512.4409","0","2098.925952","0","0","1279.728","3.922436","0","0","4.802729","5279.0547","0"
"0","14.029068","14.362338","0","0","0","0","0","1065.275344","2256.22045","13.205792","0","0","0","1599.66","3.922436","0","0","0","1759.6849","0"
"1394.180178","9.352712","14.362338","28.058508","0","0","1089.145444","4.744025","0","6768.66135","6.602896","1399.283968","13.5316","3599.594208","0","0","0","0","0","1759.6849","0"
"3485.450445","9.352712","14.362338","9.352836","2311.146248","8.243328","2178.290888","0","0","0","13.205792","699.641984","81.1896","1199.864736","319.932","0","6.473001","3.127249","0","1759.6849","0"
"0","4.676356","0","0","2311.146248","4.121664","2178.290888","0","0","2256.22045","6.602896","699.641984","0","0","0","0","0","0","0","0","0"
"1394.180178","23.38178","14.362338","0","0","0","0","9.48805","1065.275344","0","6.602896","0","13.5316","3599.594208","319.932","3.922436","0","0","4.802729","7038.7396","0"
"2091.270267","42.087204","7.181169","9.352836","0","0","1089.145444","14.232075","0","2256.22045","13.205792","0","27.0632","3599.594208","319.932","0","0","0","0","1759.6849","0"
"0","9.352712","28.724676","0","0","0","0","0","0","0","6.602896","0","27.0632","0","1279.728","0","6.473001","0","9.605458","3519.3698","0"
"0","32.734492","7.181169","9.352836","0","0","1089.145444","9.48805","0","1128.110225","0","0","0","2399.729472","319.932","3.922436","0","0","0","1759.6849","0"
"2091.270267","32.734492","0","0","0","4.121664","0","0","0","2256.22045","13.205792","1399.283968","0","1199.864736","319.932","3.922436","0","0","0","14077.4792","0"
"1394.180178","9.352712","0","9.352836","1155.573124","12.364992","0","4.744025","0","0","6.602896","1399.283968","27.0632","2399.729472","639.864","3.922436","6.473001","0","9.605458","0","0"
"697.090089","9.352712","21.543507","9.352836","0","4.121664","0","4.744025","2130.550688","0","0","0","0","1199.864736","0","3.922436","6.473001","0","14.408187","1759.6849","0"
"3485.450445","37.410848","21.543507","9.352836","0","0","2178.290888","0","0","0","26.411584","2798.567936","27.0632","3599.594208","0","0","6.473001","3.127249","0","0","0"
"4182.540534","9.352712","0","37.411344","3466.719372","0","5445.72722","0","0","1128.110225","6.602896","0","0","2399.729472","319.932","0","0","0","4.802729","3519.3698","0"
"2091.270267","14.029068","7.181169","37.411344","0","12.364992","2178.290888","0","0","0","26.411584","0","13.5316","0","639.864","3.922436","0","3.127249","0","1759.6849","0"
"0","14.029068","7.181169","0","2311.146248","8.243328","2178.290888","0","0","1128.110225","13.205792","1399.283968","27.0632","1199.864736","0","3.922436","0","0","14.408187","3519.3698","0"
"2788.360356","28.058136","14.362338","18.705672","0","4.121664","1089.145444","0","0","0","13.205792","1399.283968","40.5948","2399.729472","959.796","0","0","0","4.802729","3519.3698","0"
"6970.90089","0","14.362338","0","0","4.121664","0","0","0","3384.330675","19.808688","1399.283968","0","3599.594208","1919.592","0","0","0","4.802729","5279.0547","0"
"0","9.352712","21.543507","28.058508","0","8.243328","2178.290888","9.48805","1065.275344","0","13.205792","1399.283968","0","1199.864736","959.796","0","6.473001","3.127249","19.210916","1759.6849","0"
"1394.180178","14.029068","14.362338","9.352836","1155.573124","0","3267.436332","0","0","0","0","2798.567936","13.5316","0","0","0","25.892004","0","4.802729","0","0"
"697.090089","9.352712","0","9.352836","1155.573124","0","1089.145444","4.744025","1065.275344","3384.330675","0","0","0","0","0","0","0","0","0","0","0"
"697.090089","14.029068","7.181169","0","3466.719372","0","0","0","0","1128.110225","26.411584","1399.283968","27.0632","4799.458944","1279.728","0","6.473001","0","9.605458","1759.6849","0"
"1394.180178","23.38178","14.362338","18.705672","1155.573124","0","0","0","1065.275344","1128.110225","6.602896","699.641984","27.0632","1199.864736","959.796","0","0","0","9.605458","5279.0547","0"
"1394.180178","23.38178","14.362338","0","0","4.121664","0","0","0","3384.330675","0","1399.283968","54.1264","2399.729472","639.864","3.922436","6.473001","0","0","3519.3698","0"
"2091.270267","9.352712","14.362338","18.705672","2311.146248","0","1089.145444","4.744025","0","0","26.411584","2098.925952","13.5316","1199.864736","0","3.922436","0","3.127249","0","0","0"
"2091.270267","23.38178","14.362338","18.705672","0","0","0","4.744025","0","2256.22045","6.602896","0","13.5316","1199.864736","0","3.922436","6.473001","0","14.408187","1759.6849","0"
"2788.360356","18.705424","14.362338","0","2311.146248","0","0","14.232075","2130.550688","0","0","0","13.5316","0","959.796","0","6.473001","3.127249","0","7038.7396","0"
"697.090089","9.352712","21.543507","9.352836","2311.146248","4.121664","1089.145444","14.232075","0","3384.330675","0","0","13.5316","1199.864736","0","0","0","3.127249","0","1759.6849","0"
"697.090089","14.029068","14.362338","0","2311.146248","0","0","0","3195.826032","2256.22045","0","1399.283968","0","0","319.932","3.922436","6.473001","6.254498","4.802729","0","0"
"5576.720712","0","0","0","1155.573124","4.121664","0","0","0","1128.110225","0","699.641984","13.5316","1199.864736","2879.388","0","0","0","0","1759.6849","0"
"697.090089","14.029068","7.181169","0","0","4.121664","3267.436332","0","0","0","0","3498.20992","13.5316","0","1279.728","0","12.946002","0","0","0","0"
"2788.360356","4.676356","7.181169","18.705672","1155.573124","0","1089.145444","9.48805","1065.275344","0","26.411584","0","27.0632","0","0","3.922436","0","3.127249","0","1759.6849","0"
"2091.270267","9.352712","14.362338","28.058508","1155.573124","0","0","4.744025","0","1128.110225","0","0","27.0632","0","0","0","6.473001","3.127249","0","1759.6849","0"
"4182.540534","23.38178","7.181169","9.352836","1155.573124","4.121664","0","4.744025","0","1128.110225","0","699.641984","13.5316","1199.864736","319.932","0","0","3.127249","4.802729","0","0"
"1394.180178","9.352712","14.362338","9.352836","1155.573124","12.364992","0","0","1065.275344","1128.110225","33.01448","699.641984","0","2399.729472","319.932","0","0","0","4.802729","0","0"
"5576.720712","9.352712","14.362338","28.058508","2311.146248","4.121664","0","14.232075","1065.275344","1128.110225","33.01448","1399.283968","27.0632","1199.864736","319.932","0","0","6.254498","0","1759.6849","0"
"2091.270267","4.676356","0","18.705672","0","4.121664","3267.436332","4.744025","1065.275344","0","26.411584","0","13.5316","1199.864736","319.932","0","0","6.254498","0","0","0"
"2788.360356","14.029068","0","28.058508","3466.719372","16.486656","1089.145444","4.744025","0","0","0","1399.283968","40.5948","0","319.932","0","6.473001","3.127249","9.605458","0","0"
"1394.180178","9.352712","43.087014","0","0","0","0","0","0","7896.771575","0","2798.567936","0","0","639.864","0","6.473001","3.127249","0","1759.6849","0"
"1394.180178","14.029068","14.362338","0","0","4.121664","0","0","0","0","26.411584","699.641984","27.0632","0","0","0","0","0","0","0","0"
"2091.270267","4.676356","35.905845","37.411344","0","0","0","0","0","0","13.205792","0","40.5948","0","0","0","0","0","4.802729","0","0"
"2091.270267","4.676356","21.543507","0","0","0","2178.290888","4.744025","1065.275344","3384.330675","0","699.641984","27.0632","1199.864736","319.932","0","0","0","4.802729","0","0"
"1394.180178","18.705424","14.362338","0","1155.573124","0","0","9.48805","0","0","19.808688","2098.925952","13.5316","1199.864736","0","0","6.473001","0","4.802729","1759.6849","0"
"3485.450445","14.029068","14.362338","0","1155.573124","0","0","0","0","1128.110225","13.205792","1399.283968","27.0632","0","0","0","0","0","0","3519.3698","0"
"697.090089","9.352712","0","18.705672","2311.146248","4.121664","2178.290888","4.744025","1065.275344","1128.110225","26.411584","0","13.5316","1199.864736","319.932","0","0","0","14.408187","3519.3698","0"
"2091.270267","4.676356","0","0","0","8.243328","2178.290888","4.744025","0","1128.110225","13.205792","0","13.5316","3599.594208","0","0","0","0","0","3519.3698","0"
"1394.180178","14.029068","0","18.705672","0","0","1089.145444","0","0","0","26.411584","0","13.5316","0","639.864","0","0","0","4.802729","0","0"
"2091.270267","9.352712","7.181169","18.705672","3466.719372","4.121664","1089.145444","14.232075","0","0","13.205792","2098.925952","13.5316","1199.864736","639.864","0","0","0","0","0","0"
"1394.180178","32.734492","14.362338","0","1155.573124","0","0","4.744025","2130.550688","0","26.411584","0","27.0632","0","639.864","3.922436","6.473001","0","4.802729","0","0"
"2091.270267","18.705424","14.362338","9.352836","2311.146248","0","2178.290888","0","1065.275344","0","19.808688","699.641984","0","0","319.932","3.922436","6.473001","3.127249","0","0","0"
"2091.270267","18.705424","7.181169","9.352836","1155.573124","0","1089.145444","0","0","1128.110225","0","699.641984","13.5316","2399.729472","319.932","0","0","9.381747","0","0","0"
"697.090089","4.676356","14.362338","18.705672","1155.573124","0","4356.581776","0","0","0","0","0","13.5316","0","319.932","3.922436","0","0","4.802729","3519.3698","0"
"697.090089","4.676356","35.905845","0","0","0","0","0","0","5640.551125","0","1399.283968","0","2399.729472","1279.728","3.922436","0","3.127249","0","1759.6849","0"
"2788.360356","4.676356","50.268183","18.705672","1155.573124","4.121664","1089.145444","0","0","0","39.617376","0","40.5948","0","0","3.922436","0","0","4.802729","0","0"
"6970.90089","0","14.362338","28.058508","0","4.121664","2178.290888","0","0","2256.22045","13.205792","699.641984","27.0632","1199.864736","0","0","0","0","0","0","0"
"2091.270267","18.705424","57.449352","0","0","0","0","0","0","7896.771575","0","2098.925952","0","3599.594208","319.932","0","6.473001","6.254498","0","1759.6849","0"
"2788.360356","4.676356","43.087014","37.411344","1155.573124","0","1089.145444","0","0","0","26.411584","0","81.1896","0","0","7.844872","0","0","4.802729","0","0"
"4879.630623","4.676356","21.543507","28.058508","0","4.121664","2178.290888","0","0","0","26.411584","1399.283968","67.658","0","319.932","0","0","0","4.802729","0","0"
"1394.180178","23.38178","21.543507","0","0","4.121664","2178.290888","18.9761","2130.550688","1128.110225","0","0","0","4799.458944","319.932","0","0","0","4.802729","7038.7396","0"
"697.090089","28.058136","0","18.705672","1155.573124","4.121664","1089.145444","4.744025","1065.275344","0","6.602896","699.641984","27.0632","2399.729472","959.796","0","0","3.127249","4.802729","1759.6849","0"
"1394.180178","37.410848","21.543507","0","0","0","2178.290888","14.232075","3195.826032","1128.110225","0","0","0","3599.594208","319.932","0","0","0","0","10558.1094","0"
"2091.270267","23.38178","14.362338","9.352836","0","4.121664","0","4.744025","2130.550688","2256.22045","6.602896","699.641984","0","1199.864736","639.864","3.922436","6.473001","9.381747","4.802729","1759.6849","0"
"4182.540534","0","0","9.352836","0","4.121664","1089.145444","4.744025","1065.275344","1128.110225","6.602896","0","0","2399.729472","1919.592","0","0","0","4.802729","8798.4245","0"
"2788.360356","9.352712","14.362338","56.117016","1155.573124","8.243328","2178.290888","0","0","0","6.602896","0","27.0632","1199.864736","0","0","6.473001","3.127249","0","0","0"
"3485.450445","4.676356","14.362338","18.705672","0","0","0","0","0","1128.110225","19.808688","2798.567936","0","1199.864736","0","0","0","0","0","0","0"
"2091.270267","42.087204","0","9.352836","2311.146248","0","1089.145444","9.48805","0","0","0","0","0","3599.594208","319.932","7.844872","6.473001","3.127249","33.619103","1759.6849","0"
"697.090089","23.38178","0","0","0","0","4356.581776","0","0","9024.8818","26.411584","699.641984","27.0632","3599.594208","319.932","0","12.946002","0","9.605458","0","0"
"1394.180178","18.705424","21.543507","0","3466.719372","0","1089.145444","4.744025","2130.550688","0","6.602896","699.641984","54.1264","0","319.932","0","6.473001","0","14.408187","0","0"
"697.090089","28.058136","78.992859","9.352836","2311.146248","0","0","0","0","3384.330675","26.411584","699.641984","27.0632","2399.729472","1279.728","0","6.473001","3.127249","0","0","0"
"697.090089","23.38178","14.362338","0","2311.146248","0","4356.581776","0","0","6768.66135","26.411584","2098.925952","27.0632","3599.594208","0","0","6.473001","0","9.605458","0","0"
"2091.270267","14.029068","64.630521","0","1155.573124","0","0","0","0","1128.110225","26.411584","0","0","1199.864736","639.864","7.844872","0","0","0","0","0"
"697.090089","23.38178","50.268183","9.352836","1155.573124","0","1089.145444","0","0","2256.22045","19.808688","699.641984","40.5948","3599.594208","639.864","0","12.946002","3.127249","9.605458","0","0"
"2091.270267","23.38178","0","0","2311.146248","0","4356.581776","0","1065.275344","5640.551125","19.808688","699.641984","27.0632","4799.458944","0","0","0","0","14.408187","0","0"
"697.090089","14.029068","35.905845","0","1155.573124","0","1089.145444","4.744025","0","3384.330675","19.808688","0","0","3599.594208","639.864","0","12.946002","3.127249","4.802729","0","0"
"2091.270267","28.058136","0","0","1155.573124","0","4356.581776","0","0","7896.771575","19.808688","699.641984","40.5948","2399.729472","319.932","0","0","0","9.605458","3519.3698","0"
"1394.180178","23.38178","14.362338","0","2311.146248","4.121664","1089.145444","0","0","3384.330675","13.205792","0","13.5316","2399.729472","319.932","0","6.473001","0","4.802729","5279.0547","0"
"697.090089","18.705424","7.181169","0","1155.573124","0","2178.290888","0","0","3384.330675","13.205792","3498.20992","13.5316","2399.729472","639.864","0","6.473001","0","0","1759.6849","0"
